Item_Name,SKU,GMV,Units_Sold,Orders,Offer_Pageviews,Offer_Conversion,Item_id,Base_Item_Id,Item_Pageviews,Item_Conversion,Auth_Sales,Cancelled_Sales,Refund_Sales,Department,Brand,Listing_Quality_Score,GMV_Minus_Commission,AUR,Cancelled_Units,Item_Condition
"Quaker Cheddar Cheese Flavored Instant Grits, 9.8 oz Paperboard Box",2029-01-24-265-HT1199,82.36,7,8,79,10.126582278481013,345773192,345773192,414,206.52173913043475,94.13,11.77,0.00,HOT CEREAL,Quaker,95.97904205322266,75.78,11.76625000000000000,1,New
"Star Wars Epic Hero Series Darth Maul Action Figure, Toys for 4 Year Old Boys & Girls (4"")",2025-03-21-355-WM1288,32.00,3,3,20,15.0,5261236835,5261236835,28,10.714285714285714,32.00,0.00,0.00,ACTION FIGURES,Star Wars,100.0,27.50,10.66666666670000000,0,New
"Louisiana Fish Fry Creamy Tartar Sauce with Relish & Lemon, 10.5 oz Bottle",2025-11-08-200-FL1080,59.85,5,6,63,9.523809523809524,10535329,10535329,3950,48.10126582278481,71.74,11.89,0.00,PREP SAUCES DRESSING CONDIMENTS,Louisiana Fish Fry Products,94.17938232421875,55.06,11.95666666670000000,1,New
Ken's Steak House Lite Chunky Blue Cheese Salad Dressing 16 fl oz,2026-01-16-240-PB1499,56.00,4,5,39,12.82051282051282,13424505,13424505,73,8.21917808219178,70.00,14.00,0.00,PREP SAUCES DRESSING CONDIMENTS,Ken's Steak House,100.0,51.52,14.00000000000000000,1,New
"Kraft Peppercorn Ranch Salad Dressing, 16 fl oz Bottle",2025-05-03-299-FL1158,0.00,0,0,0,"",10295727,10295727,40,0.0,0.00,0.00,0.00,PREP SAUCES DRESSING CONDIMENTS,Kraft,0.0,0.00,"",0,New
"Bobos Oat Bars, Dipp'd Original Oat Bar + Dark Chocolate Bar, 5 Pack of 1oz Bars, 1 Count",2025-05-20-298-LF10,10.00,1,1,6,16.666666666666664,2485017192,2485017192,10,10.0,10.00,0.00,0.00,QUICK AND WHOLESOME SNACKING,Bobo's,92.3780517578125,9.20,10.00000000000000000,0,New
"Bull's-Eye Everyday Original BBQ Sauce, 17.5 oz Bottle",2024-09-20-125-DG1196,9.99,1,1,1,100.0,118363865,118363865,2,50.0,9.99,0.00,0.00,PREP SAUCES DRESSING CONDIMENTS,Bull's-Eye,94.05646514892578,9.19,9.99000000000000000,0,New
"Duncan Hines Signature Perfectly Moist French Vanilla Cake Mix, 15.25 oz.",2025-04-12-150-FL1040,0.00,0,0,0,"",171105271,171105271,240,128.33333333333334,0.00,0.00,0.00,BAKING AND MIXES,Duncan Hines,34.670963287353516,0.00,"",0,New
"Kraft Honey Mustard Dressing, 16 fl oz Bottle",2025-04-19-250-LF1294,20.40,2,2,31,6.451612903225806,15610381,15610381,258,122.86821705426357,20.40,0.00,0.00,PREP SAUCES DRESSING CONDIMENTS,Kraft,84.80210876464844,18.76,10.20000000000000000,0,New
"Nature Valley Soft-Baked Muffin Bars, Apple Cinnamon, Snack Bars, 5 Bars, 6.2 OZ",2024-11-29-280-FL1075,0.00,0,0,0,"",225780291,225780291,4,25.0,0.00,0.00,0.00,QUICK AND WHOLESOME SNACKING,Nature Valley,0.0,0.00,"",0,New
Biore daily detox GREEN TEA EXTRACT CLEANSER 5 oz ORIGINAL,2024-11-15-270-DG1499,0.00,0,0,0,"",5471768932,5471768932,2,0.0,0.00,0.00,0.00,SKINCARE,Bioré,0.0,0.00,"",0,New
"Nature Valley Granola Bars, Sweet and Salty Nut, Chocolate Pretzel Nut, 6 Bars, 7.4 oz",2025-01-30-210-LF779,20.00,2,2,38,5.263157894736842,25847955,25847955,58,3.4482758620689653,20.00,0.00,0.00,QUICK AND WHOLESOME SNACKING,Nature Valley,57.3995475769043,18.40,10.00000000000000000,0,New
"Olay Ultra Fresh Bath Bar Soap with Notes of Rosewater, 6 Bbars",2025-05-16-375-DG1399,0.00,0,0,0,"",2080507021,2080507021,3,0.0,0.00,0.00,0.00,BODY CARE,Olay,0.0,0.00,"",0,New
"Wish-Bone Chipotle Ranch Salad Dressing, 15 fl oz",2026-04-10-255-HT1099,21.98,2,2,20,10.0,55500614,55500614,29,6.896551724137931,21.98,0.00,0.00,PREP SAUCES DRESSING CONDIMENTS,Wish-Bone,100.0,20.22,10.99000000000000000,0,New
Chapstick - Red Raspberry - Flavored Lip Care 0.15 oz,2024-12-29-150-DG899,0.00,0,0,0,"",5336764608,5336764608,0,"",0.00,0.00,0.00,COSMETICS,ChapStick,0.0,0.00,"",0,New
"Special K Bar Blueberry Chewy Pastry Crisps, 100 Calorie Snacks, 5.28 oz, 12 Count",2024-09-13-299-BL1285,39.49,4,4,16,25.0,166176394,166176394,333,15.015015015015015,49.45,0.00,9.96,QUICK AND WHOLESOME SNACKING,Special K Bar,41.80055618286133,36.34,9.89000000000000000,0,New
"",2025-04-26-335-DG1149,0.00,0,0,0,"",762242920,"",6,0.0,0.00,0.00,0.00,COSMETICS,ChapStick,0.0,0.00,"",0,New
"BIC Soleil Escape Women's Disposable Razors With 3 Blades, Lavender & Eucalyptus Scented Handles, 4 Count",2025-02-28-290-DG10,8.02,1,1,2,50.0,200682962,200682962,3,33.33333333333333,8.02,0.00,0.00,SHAVE AND GROOMING,BIC,95.2919692993164,7.38,8.02000000000000000,0,New
"Luzianne Cold Brew Iced Tea, 22 Count",2026-03-08-204-LF1250,132.07,11,10,76,13.157894736842104,22002543,22002543,825,42.66666666666667,143.98,11.91,0.00,HOT BEVERAGE,Luzianne,44.403770446777344,121.52,11.99833333330000000,1,New
Harvest Snaps Organic Snack Crisps Sea Salt 3.0 oz. Bag,2025-10-17-200-HT10,10.00,1,1,1,100.0,2012428397,2012428397,50,4.0,10.00,0.00,0.00,SALTY SNACKS,Harvest Snaps,37.962257385253906,9.20,10.00000000000000000,0,New
"Suave Professionals Curl Defining Hair Cream for Natural Hair, 12 oz",2024-11-16-279-DG2623,0.00,0,0,0,"",161042490,161042490,0,"",0.00,0.00,0.00,EVERYDAY HAIRCARE,Suave,0.0,0.00,"",0,New
"McCormick Non-GMO Rum Extract With Other Natural Flavors, 1.0 fl oz Box",2024-10-18-250-FL948,0.00,0,0,0,"",10308882,10308882,92,30.434782608695656,0.00,0.00,0.00,SPICES AND SALT,McCormick,0.0,0.00,"",0,New
"Fiber One 70 Calorie Soft-Baked Bars, Cinnamon Coffee Cake, 6 Bars, 5.34 oz",2024-11-23-300-DG1049,0.00,0,0,0,"",25847930,25847930,29,0.0,0.00,0.00,0.00,QUICK AND WHOLESOME SNACKING,Fiber One,36.58498001098633,0.00,"",0,New
"Nonni's Bakery, Limone Biscotti, Individually Wrapped, 6.88 oz, 8 Count",2024-10-12-349-BL,0.00,0,0,1,0.0,10309682,10309682,72,6.944444444444445,0.00,0.00,0.00,COOKIES AND CRACKERS,Nonni's,41.773231506347656,0.00,"",0,New
"Fruit Roll-Ups Fruit Flavored Snacks, Strawberry Blast, 10 Ct, 5 oz",2024-11-08-189-BL10,0.00,0,0,3,0.0,10311498,10311498,54,31.48148148148148,0.00,0.00,0.00,LUNCHBOX SNACKS,Fruit Roll-Ups,77.55504608154297,0.00,"",0,New
"Beaverton Foods Beaver Jalapeno Mustard, 13 oz",2025-03-23-276-HT1593,0.00,0,0,0,"",30990332,30990332,0,"",0.00,0.00,0.00,PREP SAUCES DRESSING CONDIMENTS,Beaver Brand,0.0,0.00,"",0,New
"Nonni's Bakery, Cioccolati Almond Biscotti, Individually Wrapped, 6.88 oz, 8 Count",2024-10-30-389-BL999,0.00,0,0,0,"",10309684,10309684,345,6.956521739130435,0.00,0.00,0.00,COOKIES AND CRACKERS,Nonni's,78.71295166015625,0.00,"",0,New
"Stauffer's SNAPS Ginger Cookies, 14oz Shelf-Stable Bag",2024-09-10-249-BL1282,0.00,0,0,4,0.0,37712280,37712280,240,3.75,0.00,0.00,0.00,COOKIES AND CRACKERS,Stauffer's,100.0,0.00,"",0,New
SEATTLE'S BEST COFFEE 6th Ave Bistro Ground Coffee K-Cup Pods 10 Count 4.4oz Box,2024-09-28-549-FL1489,0.00,0,0,0,"",1491216569,1491216569,0,"",0.00,0.00,0.00,HOT BEVERAGE,Seattle's Best Coffee,0.0,0.00,"",0,New
"Kraft Green Goddess Dressing, 16 fl oz Bottle",2025-06-08-250-LF1575,35.89,3,3,95,3.1578947368421053,10291814,10291814,304,4.276315789473684,35.89,0.00,0.00,PREP SAUCES DRESSING CONDIMENTS,Kraft,96.11959075927734,33.01,11.96333333330000000,0,New
"Nature Valley Biscuit Sandwiches, Cocoa Almond Butter, 5 ct, 6.75 OZ",2025-01-18-205-LF1198,168.80,14,8,35,22.857142857142858,144414668,144414668,85,9.411764705882353,168.80,0.00,0.00,QUICK AND WHOLESOME SNACKING,Nature Valley,57.281795501708984,155.30,12.05714285710000000,0,New
"Quaker Instant Oatmeal, Maple & Brown Sugar, 1.19 oz, 8 Count Box",2026-01-02-300-LF1099,10.00,1,1,10,10.0,435400766,435400766,364,160.16483516483518,10.00,0.00,0.00,HOT CEREAL,Quaker,44.37199401855469,9.20,10.00000000000000000,0,New
"Alpine Spiced Cider Original Powdered Drink Mix, Apple Flavor, 10 Pouches",2026-02-17-300-LF1000,20.00,2,2,31,6.451612903225806,10307486,10307486,325,112.92307692307692,20.00,0.00,0.00,HOT BEVERAGE,Alpine,48.25240707397461,18.40,10.00000000000000000,0,New
"Kellogg's Nutri-Grain Blueberry Chewy Breakfast Bars, Made with 10g Whole Grains, 10.4 oz, 8 Count",2024-12-08-255-LF1064,10.00,1,1,22,4.545454545454546,10818672,10818672,930,66.02150537634408,10.00,0.00,0.00,QUICK AND WHOLESOME SNACKING,Kellogg's Nutri-Grain,41.773231506347656,9.20,10.00000000000000000,0,New
House Autry Extra Sweet Onion Hushpuppy Mix 10z Bag,2024-10-18-225-FL1295,10.15,1,2,9,11.11111111111111,697783809,697783809,178,39.325842696629216,21.14,10.99,0.00,DRY MIXES AND VINEGAR,House-Autry,100.0,10.11,10.57000000000000000,1,New
"Planters Nuts and Chocolate Trail Mix, Plant Based Protein, 6 oz Bag",2025-04-19-250-DG10,0.00,0,0,10,0.0,10824549,10824549,482,3.5269709543568464,0.00,0.00,0.00,QUICK AND WHOLESOME SNACKING,PLANTERS,39.232582092285156,0.00,"",0,New
Duke's Carolina Gold BBQ Sauce 17 Ounce Bottle,2025-12-23-204-FL1285,10.98,1,1,14,7.142857142857142,569659028,569659028,56,46.42857142857143,10.98,0.00,0.00,PREP SAUCES DRESSING CONDIMENTS,Duke's,38.55137634277344,10.10,10.98000000000000000,0,New
"Special K Bar Brown Sugar Cinnamon Chewy Pastry Crisps, Ready-to-Eat, 100 Calorie Snacks, 5.28 oz, 12 Count",2024-10-25-299-BL1102,20.00,2,2,0,"",145228704,145228704,245,17.551020408163264,20.00,0.00,0.00,BAKERY BREAKFAST,Special K Bar,100.0,18.40,10.00000000000000000,0,New
"Quaker Gluten-Free Cheddar Flavored Rice Crisps, 3.03 Oz.",2026-03-02-200-PB10,10.00,1,1,1,100.0,10312604,10312604,22,9.090909090909092,10.00,0.00,0.00,SALTY SNACKS,Quaker,96.07540893554688,9.20,10.00000000000000000,0,New
Miltons Craft Bakers KHFM00313026 6 oz Organic Himalayan Salt Crackers,2025-12-12-255-HT10,11.99,1,1,2,50.0,376968653,376968653,2,50.0,11.99,0.00,0.00,COOKIES AND CRACKERS,Milton's,100.0,11.03,11.99000000000000000,0,New
"belVita Breakfast Bars Biscuits, Cranberry Orange, 5 Packs (4 Biscuits Per Pack)",2026-01-23-300-FL1190,22.98,2,2,27,7.4074074074074066,44754087,44754087,947,285.53326293558604,22.98,0.00,0.00,COOKIES AND CRACKERS,belVita,41.773231506347656,21.14,11.49000000000000000,0,New
"Kraft Creamy Italian Dressing, 16 fl oz Bottle",2026-05-15-208-HT1094,13.34,1,1,1,100.0,10295688,10295688,133,216.54135338345864,13.34,0.00,0.00,PREP SAUCES DRESSING CONDIMENTS,Kraft,64.1685791015625,12.46,13.34000000000000000,0,New
"Dove Teens Long Lasting Women's Antiperspirant Deodorant Stick, Mango Sunshine, 2.6 oz",2025-02-28-328-DG1302,0.00,0,0,0,"",1020862190,1020862190,0,"",0.00,0.00,0.00,BODY CARE,Dove,0.0,0.00,"",0,New
"Cooper Street Orange Cranberry Twice-Baked Mini Biscotti Cookies, 5oz Pack of 6",2024-09-13-249-BL1295,0.00,0,0,0,"",953623686,953623686,1,0.0,0.00,0.00,0.00,COOKIES AND CRACKERS,COOPER STREET,0.0,0.00,"",0,New
"Louisiana Fish Fry Remoulade Dressing, 10.5 oz",2025-02-21-300-HT1386,0.00,0,0,0,"",10535330,10535330,493,15.212981744421908,0.00,0.00,0.00,TACOS RICE AND BEANS,Louisiana Fish Fry Products,71.85327911376953,0.00,"",0,New
"Quaker Gluten-Free Caramel Rice Crisps, 3.52 Oz.",2025-10-17-205-HT10,9.50,1,1,8,12.5,10312602,10312602,38,2.631578947368421,9.50,0.00,0.00,SALTY SNACKS,Quaker,87.05021667480469,9.20,9.50000000000000000,0,New
"Luzianne Green Iced Tea Bags, 24 Count",2025-06-27-195-PB1197,64.40,6,5,16,31.25,16381820,16381820,127,6.299212598425196,64.40,0.00,0.00,HOT BEVERAGE,Luzianne,38.55137634277344,60.64,10.73333333330000000,0,New
"Bear Naked Fruit and Nut Medley Granola, 5g Protein, Fiber Bag, 12 oz",2026-02-27-210-PB1229,104.90,10,8,49,16.3265306122449,10789475,10789475,99,9.090909090909092,104.90,0.00,0.00,COLD CEREAL L2,Bear Naked,42.43178939819336,96.50,10.49000000000000000,0,New
"Cheez-It Extra Cheesy Cheese Crackers, Baked Snack Crackers, 7 oz",2025-05-03-300-DG1195,17.98,2,2,1,100.0,462904025,462904025,2,100.0,17.98,0.00,0.00,COOKIES AND CRACKERS,Cheez-It,98.72967529296875,16.54,8.99000000000000000,0,New
"A.1. New York Steakhouse Marinade, 16 fl. oz. Bottle",2026-04-17-208-LF1195,23.95,2,2,14,14.285714285714285,10309019,10309019,58,3.4482758620689653,23.95,0.00,0.00,PREP SAUCES DRESSING CONDIMENTS,A.1.,42.43178939819336,22.03,11.97500000000000000,0,New
"Bookbinder's Cocktail Sauce Seafood, 10.5 oz",2026-03-20-255-HT10,21.98,2,2,12,25.0,173809219,173809219,223,55.15695067264574,21.98,0.00,0.00,FRESH SEAFOOD,Bookbinders,64.33988952636719,20.22,10.99000000000000000,0,New
"Kellogg's Nutri-Grain Mixed Berry Chewy Breakfast Bars, Made with 10g Whole Grains, 10.4 oz, 8 Count",2025-06-06-255-HT1050,23.99,2,2,13,15.384615384615385,10818667,10818672,243,94.65020576131687,23.99,0.00,0.00,QUICK AND WHOLESOME SNACKING,Kellogg's Nutri-Grain,84.47042846679688,22.39,11.99500000000000000,0,New
The Original Donut Shop Snickers Coffee K-Cup Pods,2025-05-17-289-DG1297,0.00,0,0,0,"",179161841,179161841,1,0.0,0.00,0.00,0.00,HOT BEVERAGE,The Original Donut Shop,0.0,0.00,"",0,New
"Toasteds Rosemary and Olive Oil Crackers, Party Snacks, 8 oz",2025-04-22-289-PB1089,32.44,3,3,10,20.0,1702867582,1702867582,180,6.666666666666667,32.44,0.00,0.00,COOKIES AND CRACKERS,Toasteds,39.459144592285156,29.84,10.81333333330000000,0,New
"Ivory Gentle Deodorant Stick, Hint of Lavender, 2.4oz",2025-02-28-218-DG799,0.00,0,0,0,"",826017462,826017462,95,12.631578947368421,0.00,0.00,0.00,BODY CARE,Ivory,0.0,0.00,"",0,New
"Milton's Gourmet Crackers - Everything, 8.4oz",2025-04-29-299-FL10,0.00,0,0,10,0.0,932609104,932609104,12,0.0,0.00,0.00,0.00,COOKIES AND CRACKERS,Milton's,42.24744415283203,0.00,"",0,New
"Bigelow Green Tea with Peach, Tea Bags, 20 Count",2025-03-08-210-HT1000,20.00,2,1,0,"",15610846,15610846,14,14.285714285714285,20.00,0.00,0.00,HOT BEVERAGE,Bigelow Tea,100.0,18.40,10.00000000000000000,0,New
"Kinder's Sweet Sesame Teriyaki Dipping Sauce, 15.5 oz Squeeze Bottle",2026-05-22-400-LF1599,15.99,1,1,2,50.0,14770605106,14770605106,210,11.428571428571429,15.99,0.00,0.00,PREP SAUCES DRESSING CONDIMENTS,Kinder's,38.55137634277344,13.59,15.99000000000000000,0,New
"Nature Valley Protein Granola Bars, Blueberry Nut, Chewy Snack Bars, 5 Bars, 7.1 OZ",2025-05-30-285-PB1249,10.48,1,1,14,7.142857142857142,449893508,449893508,30,10.0,10.48,0.00,0.00,QUICK AND WHOLESOME SNACKING,Nature Valley,92.3780517578125,9.64,10.48000000000000000,0,New
Martha White Muffin Mix Cranberry Orange 7 OZ Bag,2024-10-18-100-FL895,14.98,2,2,2,50.0,10850026,10850026,5,40.0,14.98,0.00,0.00,BAKING AND MIXES,Martha White,95.97904205322266,13.78,7.49000000000000000,0,New
"Nature Valley Soft-Baked Oatmeal Squares, Peanut Butter Breakfast Snacks, 6 ct, 7.44 OZ",2024-09-21-3-DG1125,21.81,2,2,4,50.0,25847956,25847956,47,10.638297872340425,21.81,0.00,0.00,QUICK AND WHOLESOME SNACKING,Nature Valley,98.07476043701172,20.07,10.90500000000000000,0,New
"Tone Body Wash, Mango Splash, 16 fl oz",2024-12-29-365-DG1650,0.00,0,0,0,"",45030923,45030923,8,0.0,0.00,0.00,0.00,BODY CARE,Tone,0.0,0.00,"",0,New
"Justin's All Natural Peanut Butter, Classic, 16 Oz",2025-01-01-529-TG1449,0.00,0,0,0,"",34255991,34255991,2,0.0,0.00,0.00,0.00,SPREADS AND ITALIAN FOODS,Justin's,34.670963287353516,0.00,"",0,New
Voortman Zero Sugar Mini Vanilla Wafers 6.5 oz Bag with Real Vanilla,2025-10-04-299-LF1399,27.82,2,2,16,12.5,1836569414,1836569414,29,6.896551724137931,27.82,0.00,0.00,COOKIES AND CRACKERS,Voortman,100.0,25.60,13.91000000000000000,0,New
"Kellogg's Nutri-Grain Apple Cinnamon Chewy Breakfast Bars, Made with 10g Whole Grains, 10.4 oz, 8 Count",2025-07-03-255-HT10,20.00,2,2,18,11.11111111111111,10818669,10818672,1760,71.47727272727272,20.00,0.00,0.00,QUICK AND WHOLESOME SNACKING,Kellogg's Nutri-Grain,37.962257385253906,18.40,10.00000000000000000,0,New
"Nature Valley Protein Chewy Snack Bars, Coconut Almond, 5 Bars, 7.1 oz",2025-05-30-285-PB10,30.00,3,2,41,4.878048780487805,36348039,20470594,793,38.839848675914254,30.00,0.00,0.00,QUICK AND WHOLESOME SNACKING,Nature Valley,49.800296783447266,27.60,10.00000000000000000,0,New
"St. Ives Fresh Skin Scrub, Deep Exfoliator Skin Care for Clean, Glowing Skin, Apricot, 1 OZ",2025-02-28-094-DG707,0.00,0,0,0,"",34028841,34028841,67,5.970149253731343,0.00,0.00,0.00,SKINCARE,St. Ives,0.0,0.00,"",0,New
"Bookbinder's Prepared Horseradish, 9.75 oz Bottle",2025-05-09-279-HT975,0.00,0,0,0,"",30917270,30917270,5,0.0,0.00,0.00,0.00,FRESH SEAFOOD,Bookbinders,100.0,0.00,"",0,New
"Rice Krispies Treats Chocolatey Peanut Butter Chewy Crispy Rice Squares, 9.8 oz, 7 Count",2024-12-14-225-FL10,0.00,0,0,0,"",5405671978,5405671978,1,0.0,0.00,0.00,0.00,QUICK AND WHOLESOME SNACKING,Rice Krispies Treats,91.10772705078125,0.00,"",0,New
Eight O'Clock Coffee Colombian Ground Medium Roast 100% Colombian Coffee 10.5 oz,2026-04-17-430-PB1899,16.00,1,1,0,"",18923312575,18923312575,24,8.333333333333332,16.00,0.00,0.00,HOT BEVERAGE,Eight O'Clock,100.0,13.60,16.00000000000000000,0,New
"Lawry's Steakhouse Marinade, 12.0 fl oz Bottle",2026-05-16-255-LF10,11.99,1,1,8,12.5,13908152,13908152,132,117.42424242424244,11.99,0.00,0.00,PREP SAUCES DRESSING CONDIMENTS,Lawry's,56.55109786987305,11.03,11.99000000000000000,0,New
Nonni's Brown Butter Pecan Biscotti 8 Each,2025-08-01-306-PB999,19.68,2,4,11,36.36363636363637,16237506514,16237506514,21,23.809523809523807,39.38,9.86,9.84,COOKIES AND CRACKERS,Nonni's,31.384511947631836,18.10,9.84500000000000000,1,New
"Famous Dave's Rich & Sassy BBQ Sauce, 20 oz",2026-03-21-190-FL10,10.41,1,1,12,8.333333333333332,10317631,10317631,178,165.73033707865167,10.41,0.00,0.00,PREP SAUCES DRESSING CONDIMENTS,Famous Dave's,48.25240707397461,9.58,10.41000000000000000,0,New
"Kellogg's Nutri-Grain Cherry Chewy Breakfast Bars, Made with 10g Whole Grains, 10.4 oz, 8 Count",2024-12-08-255-LF10,-10.00,-1,0,0,"",10818676,10818676,16,6.25,0.00,0.00,10.00,QUICK AND WHOLESOME SNACKING,Kellogg's Nutri-Grain,18.345966339111328,-10.00,"",0,New
"Fiber One 70 Calorie Brownies, Chocolate Fudge Snack Bars, 6 Count, 5.34 oz",2026-01-13-255-LF1098,27.92,3,3,28,10.714285714285714,17203447,17203447,600,107.0,27.92,0.00,0.00,QUICK AND WHOLESOME SNACKING,Fiber One,81.6067123413086,27.60,9.30666666670000000,0,New
"Grill Mates Rub, Applewood, 6.0 oz Bottle",2026-05-22-280-HT1100,11.00,1,1,3,33.33333333333333,550547819,550547819,64,3.125,11.00,0.00,0.00,SPICES AND SALT,Grill Mates,34.670963287353516,10.12,11.00000000000000000,0,New
"Nature Valley Reduced Sugar Vanilla Almond Granola Pouch, 11 oz",2025-07-11-280-PB1132,37.38,3,3,38,7.894736842105263,662087833,662087833,105,6.666666666666667,37.38,0.00,0.00,COLD CEREAL L2,Nature Valley,80.73379516601562,34.39,12.46000000000000000,0,New
"Quaker Cinnamon Spice flavored Instant Oatmeal, 12.1 oz Box",2025-11-14-255-HT1099,87.92,8,7,15,46.666666666666664,187052044,187052044,409,136.67481662591686,87.92,0.00,0.00,HOT CEREAL,Quaker,52.654170989990234,80.88,10.99000000000000000,0,New
"Gevalia Colombia Medium Roast K-Cup Coffee Pods, 10 CT",2026-03-20-540-HT1499,13.09,1,1,1,100.0,16209217999,16209217999,3,33.33333333333333,13.09,0.00,0.00,HOT BEVERAGE,Gevalia,100.0,12.04,13.09000000000000000,0,New
"Nature Valley Fruit and Nut Granola Bars, Dark Chocolate Cherry, 6 Ct, 7.4 oz",2025-05-30-255-HT10,20.00,2,2,16,12.5,22365082,22365082,48,4.166666666666666,20.00,0.00,0.00,QUICK AND WHOLESOME SNACKING,Nature Valley,35.421607971191406,18.40,10.00000000000000000,0,New
Ken's Steak House Peppercorn Ranch Salad Dressing 16 fl oz,2026-04-03-204-HT1267,12.60,1,2,33,6.0606060606060606,150378062,150378062,52,3.8461538461538463,25.20,0.00,12.60,PREP SAUCES DRESSING CONDIMENTS,Ken's Steak House,100.0,10.58,12.60000000000000000,0,New
"Bear Naked Peanut Butter Granola Cereal, Good Source of Fiber Bag, 12  oz",2026-03-14-300-HT1109,11.09,1,1,5,20.0,362230472,362230472,7,14.285714285714285,11.09,0.00,0.00,COLD CEREAL L2,Bear Naked,42.153900146484375,10.20,11.09000000000000000,0,New
"Old Spice GentleMan's Collection Exfoliating Men's Body Wash, Sandalwood & Aloe Vera, 18 fl oz",2025-05-14-360-DG1495,0.00,0,0,0,"",3381240267,3381240267,2,0.0,0.00,0.00,0.00,BODY CARE,Old Spice,0.0,0.00,"",0,New
"Slap Ya Mama Louisiana Style Cajun Fish Fry, 12 oz Box, Shelf-Stable Seasoned Seafood Breading Mix",2026-05-13-308-HT1195,11.90,1,1,2,50.0,37620742,37620742,11,45.45454545454545,11.90,0.00,0.00,TACOS RICE AND BEANS,Slap Ya Mama,48.25240707397461,10.95,11.90000000000000000,0,New
"Louisiana Fish Fry Products Cocktail Sauce, 12 oz Bottle",2025-06-26-268-LF1199,91.62,8,6,35,17.142857142857142,10535328,10535328,2892,51.65975103734441,91.62,0.00,0.00,PREP SAUCES DRESSING CONDIMENTS,Louisiana Fish Fry Products,48.25240707397461,84.66,11.45250000000000000,0,New
"Seattle's Best Coffee Post Alley Blend (Previously Signature Blend No. 5) Dark Roast Single Cup Coffee for Keurig Brewers, 1 Box of 10 (10 Total K-Cup pods)",2024-12-23-489-FL1650,0.00,0,0,0,"",871313933,871313933,4,0.0,0.00,0.00,0.00,HOT BEVERAGE,Seattle's Best Coffee,79.21066284179688,0.00,"",0,New
Emerald Whole Roasted & Salted Cashews with Sea Salt 5 oz,2025-04-19-300-FL1099,11.48,1,1,0,"",124845980,124845980,2,100.0,11.48,0.00,0.00,QUICK AND WHOLESOME SNACKING,Emerald,91.10772705078125,10.56,11.48000000000000000,0,New
"belVita Soft Baked Breakfast Bars, Banana Bread, 5 Packs (1 Biscuit Per Pack)",2026-02-12-350-HT1000,20.00,2,2,39,5.128205128205128,34312391,34312391,1115,192.37668161434976,20.00,0.00,0.00,COOKIES AND CRACKERS,belVita,39.232582092285156,18.40,10.00000000000000000,0,New
"Old Spice Gentleman's Blend Exfoliating Men's Body Wash, Brown Sugar & Cocoa Butter, 18 fl oz",2025-05-16-360-DG2499,0.00,0,0,0,"",1442049734,1442049734,0,"",0.00,0.00,0.00,BODY CARE,Old Spice,0.0,0.00,"",0,New
"Carr's Toasted Sesame Table Water Crackers, Baked Snack Crackers, 4.5 oz",2026-01-24-255-HT1297,20.00,2,2,6,33.33333333333333,10321421,10321421,7,28.57142857142857,20.00,0.00,0.00,COOKIES AND CRACKERS,Carr's,37.962257385253906,18.40,10.00000000000000000,0,New
"Kraft House Italian Lite Salad Dressing, 16 fl oz Bottle",2025-05-03-299-FL1299,0.00,0,0,0,"",10295690,10295690,2,0.0,0.00,0.00,0.00,PREP SAUCES DRESSING CONDIMENTS,Kraft,0.0,0.00,"",0,New
"Lawry's Caribbean Jerk With Papaya Marinade, 12.0 fl oz Bottle",2025-11-08-204-PB1110,11.00,1,1,16,6.25,10319597,10319597,32,3.125,11.00,0.00,0.00,PREP SAUCES DRESSING CONDIMENTS,Lawry's,38.55137634277344,10.12,11.00000000000000000,0,New
"Werther's Original Soft and Creamy Caramel Gingerbread Candy, 8.57 oz. Bag",2025-11-10-410-BL1599,17.98,2,1,4,25.0,16516250670,16516250670,10,10.0,17.98,0.00,0.00,BASIC CANDY,Werther's Original,40.45904541015625,16.54,8.99000000000000000,0,New
Top Fox Pop Roasted Himalayan Pink Salt Pumpkin Seeds 3.5 oz,2027-02-27-210-PB1199,0.00,0,1,2,50.0,933014229,933014229,4,25.0,10.00,10.00,0.00,QUICK AND WHOLESOME SNACKING,Top Fox,100.0,0.00,10.00000000000000000,1,New
"Anomaly Haircare Bonding Treatment with Keratin & Quinoa Protein to Repair Dry Damaged Hair, 5 fl oz",2025-02-02-089-BL1399,0.00,0,0,0,"",173754867,173754867,0,"",0.00,0.00,0.00,EVERYDAY HAIRCARE,Anomaly Haircare,0.0,0.00,"",0,New
"Quaker Instant Oatmeal, Apple & Cinnamon, 12.1 oz, 8 Packets",2025-11-16-255-HT10,36.99,3,3,23,13.043478260869565,990052800,990052800,407,197.2972972972973,36.99,0.00,0.00,HOT CEREAL,Quaker,48.25240707397461,34.59,12.33000000000000000,0,New
"Martha White Birthday Cake Muffin Mix, 7.4 oz Bag",2026-01-15-100-FL749,16.98,2,1,3,33.33333333333333,200314530,200314530,108,148.14814814814815,16.98,0.00,0.00,BAKING AND MIXES,Martha White,87.93711853027344,15.62,8.49000000000000000,0,New
Duke's Mustard Horseradish,2025-04-06-350-LF1395,9.49,1,1,9,11.11111111111111,3503178321,3503178321,12,8.333333333333332,9.49,0.00,0.00,PREP SAUCES DRESSING CONDIMENTS,Duke's,46.312198638916016,8.73,9.49000000000000000,0,New
"Triscuit Thin Crisps Parmesan Garlic Whole Grain Wheat Crackers, Lunch Snacks, 7.1 oz",2026-03-14-287-PB1180,11.77,1,1,8,12.5,511748828,511748828,11,9.090909090909092,11.77,0.00,0.00,COOKIES AND CRACKERS,Triscuit,94.918701171875,10.83,11.77000000000000000,0,New
Tabasco Sriracha Sauce 11 oz,2026-04-04-204-FL10,23.98,2,1,21,4.761904761904762,1127310860,1127310860,251,125.89641434262948,23.98,0.00,0.00,PREP SAUCES DRESSING CONDIMENTS,TABASCO,21.21589469909668,22.06,11.99000000000000000,0,New
"Old Spice Gentleman's Blend Exfoliating Men's Body Wash, Himalayan Sea Salt, 18 fl oz",2025-05-16-370-DG1499,0.00,0,0,0,"",1008009140,1008009140,14,7.142857142857142,0.00,0.00,0.00,BODY CARE,Old Spice,0.0,0.00,"",0,New
"Duncan Hines Signature Salted Caramel Brownie Mix, 17.6 oz.",2025-10-04-216-PB10,9.99,1,1,4,25.0,35056312,35056312,7,14.285714285714285,9.99,0.00,0.00,BAKING AND MIXES,Duncan Hines,48.25240707397461,10.11,9.99000000000000000,0,New
"Emerald Nuts, Honey Glazed Cashews, 5 oz Resealable Bag",2024-11-29-280-FL1188,11.98,1,1,6,16.666666666666664,336947684,336947684,8,12.5,11.98,0.00,0.00,QUICK AND WHOLESOME SNACKING,Emerald,41.773231506347656,11.02,11.98000000000000000,0,New
Duke's Southern Sauces Carolina Vinegar BBQ Sauce,2024-12-14-200-FL1499,0.00,0,0,0,"",2838152772,2838152772,5,0.0,0.00,0.00,0.00,PREP SAUCES DRESSING CONDIMENTS,Duke's,86.4185562133789,0.00,"",0,New
"Nature Valley Biscuit Sandwiches, Chocolate Peanut Butter Snacks, 5 ct, 6.75 OZ",2025-04-22-285-PB1149,28.77,3,3,6,50.0,522910217,522910217,7,42.857142857142854,28.77,0.00,0.00,COLD CEREAL L2,Nature Valley,48.25240707397461,27.52,9.59000000000000000,0,New
"Kinder's Lemon Butter Garlic Seasoning, 5.6 oz",2026-05-29-599-HT1458,14.58,1,1,0,"",1866381642,1866381642,102,5.88235294117647,14.58,0.00,0.00,SPICES AND SALT,Kinder's,71.85327911376953,13.41,14.58000000000000000,0,New
"Emerald The Original Salty Sweet Mixed Nuts, 5.5 Oz",2025-07-05-274-PB938,27.18,3,3,13,23.076923076923077,51233609,51233609,23,13.043478260869565,27.18,0.00,0.00,QUICK AND WHOLESOME SNACKING,Emerald,53.41858673095703,27.60,9.06000000000000000,0,New
"Rib Rack Seasoning Rub, Original, 5.5 Oz",2026-05-22-240-HT10,10.00,1,1,10,10.0,38440280,38440280,55,72.72727272727273,10.00,0.00,0.00,SPICES AND SALT,Rib Rack,54.4352912902832,9.20,10.00000000000000000,0,New
Café Bustelo Dulce de Leche Flavored Espresso Style Coffee 10 Ct K-Cup Pods,2025-12-14-565-PB1498,15.97,1,1,1,100.0,15151757846,15151757846,9,22.22222222222222,15.97,0.00,0.00,HOT BEVERAGE,Café Bustelo,71.85327911376953,13.57,15.97000000000000000,0,New
Nature Valley Turtle Sweet and Salty Nut Chewy Granola Bars (6 Bars),2025-03-17-210-FL999,9.49,1,1,1,100.0,10294501089,17061061338,331,130.51359516616316,9.49,0.00,0.00,QUICK AND WHOLESOME SNACKING,Nature Valley,41.773231506347656,9.49,9.49000000000000000,0,New
"Nature Valley Biscuit Sandwiches, Coconut Butter, Snacks, 5 ct, 6.75 OZ",2025-01-19-214-LF10,19.98,2,2,6,33.33333333333333,905700218,905700218,33,9.090909090909092,19.98,0.00,0.00,QUICK AND WHOLESOME SNACKING,Nature Valley,40.035709381103516,18.40,9.99000000000000000,0,New
"Triscuit Thin Crisps Original Whole Grain Wheat Crackers, Vegan Snacks, Snack Crackers, 7.1 oz",2026-05-22-240-FL1099,10.99,1,1,26,3.8461538461538463,452364996,5265021103,493,252.33265720081138,10.99,0.00,0.00,COOKIES AND CRACKERS,Triscuit,34.151283264160156,10.11,10.99000000000000000,0,New
Harvest Snaps Baked White Cheddar Green Pea Snacks 3.0 oz,2025-09-25-200-BL10,30.00,3,2,0,"",2159347789,2159347789,12,33.33333333333333,30.00,0.00,0.00,SALTY SNACKS,Calbee,41.773231506347656,27.60,10.00000000000000000,0,New
"SoftSheen-Carson Magic Clean Products 3-in-1 Beard Wash with Almond Oil, 6.8 fl oz",2024-10-04-349-DG1147,0.00,0,0,0,"",259322545,259322545,0,"",0.00,0.00,0.00,SHAVE AND GROOMING,SoftSheen-Carson,0.0,0.00,"",0,New
Pantene Pro-V Smooth & Sleek Shampoo - 12 oz,2025-02-28-219-DG10,0.00,0,0,0,"",509678520,509678520,2,0.0,0.00,0.00,0.00,EVERYDAY HAIRCARE,Pantene,0.0,0.00,"",0,New
"Duncan Hines Signature Perfectly Moist Orange Supreme Cake Mix, 15.25 oz.",2025-01-25-150-FL1286,0.00,0,0,0,"",468084265,468084265,433,56.581986143187066,0.00,0.00,0.00,BAKING AND MIXES,Duncan Hines,48.25240707397461,0.00,"",0,New
"QUEEN HELENE Masque, Avocado & Grapefruit 6 oz",079896223015-2024-07-21-BL299,0.00,0,0,0,"",39452805,39452805,6,0.0,0.00,0.00,0.00,BATH AND ACCESSORIES,Queen Helene,0.0,0.00,"",0,New
"Nature Valley Biscuit Sandwiches, Peanut Butter Snack, 5 ct, 6.75 OZ",2025-01-30-210-LF988,8.99,1,1,2,50.0,48236177,48236177,28,7.142857142857142,8.99,0.00,0.00,MULTIPACK SNACKS,Nature Valley,40.502906799316406,9.19,8.99000000000000000,0,New
"Darrell Lea Strawberry Licorice, 7 oz. Bag, Regular Size",2025-04-22-255-PB1023,0.00,0,0,0,"",36316566,36316566,95,33.68421052631579,0.00,0.00,0.00,BASIC CANDY,Darrell Lea,0.0,0.00,"",0,New
"Stauffer's SNAPS Lemon, 14oz Bag",2024-10-22-249-BL1340,0.00,0,0,0,"",37759952,37759952,47,8.51063829787234,0.00,0.00,0.00,COOKIES AND CRACKERS,Stauffer's,78.71295166015625,0.00,"",0,New
"",2024-09-21-345-DG999,0.00,0,0,0,"",1326869758,"",1,0.0,0.00,0.00,0.00,HEALTH CARE,ChapStick,0.0,0.00,"",0,New
"Special K Bar Strawberry Chewy Pastry Crisps, 100 Calorie Snacks, 5.28 oz, 12 Count",2024-10-22-299-BL997,0.00,0,0,0,"",193671679,193671679,105,9.523809523809524,0.00,0.00,0.00,QUICK AND WHOLESOME SNACKING,Special K Bar,41.773231506347656,0.00,"",0,New
"Everglades All Purpose Pre-Seasoned Breader - Crispy, Vegan, Trans Fat-Free - 16 oz",2026-02-13-320-PB1153,15.11,1,1,3,33.33333333333333,171684028,171684028,10,70.0,15.11,0.00,0.00,DRY MIXES AND VINEGAR,Everglades,100.0,14.19,15.11000000000000000,0,New
"Bigelow Tea Green Tea With Pomegranate, 20 Bag",2026-03-09-210-HT10,20.00,2,2,1,100.0,10293204,10293204,54,25.925925925925924,20.00,0.00,0.00,HOT BEVERAGE,Bigelow Tea,46.312198638916016,18.40,10.00000000000000000,0,New
"L'Oreal Paris Elvive Dream Lengths Curls Moisture Push Shampoo, Paraben-Free, 12.6 fl. oz.",2025-05-16-225-DG1177,0.00,0,0,0,"",783335637,783335637,1,0.0,0.00,0.00,0.00,EVERYDAY HAIRCARE,L’Oréal Paris,0.0,0.00,"",0,New
"Town House Pita Mediterranean Herb Oven Baked Crackers, Salty Snacks, 9.5 oz",2026-01-19-280-HT1299,11.99,1,1,1,100.0,25752103,25752103,54,29.629629629629626,11.99,0.00,0.00,COOKIES AND CRACKERS,Town House,81.37862396240234,11.03,11.99000000000000000,0,New
"Post Fruity PEBBLES Treats, Crunchy Ready-to-Eat, Shelf-Stable 8 Count Box",2026-01-09-347-DG1300,35.73,3,2,15,13.333333333333334,19477122,19477122,342,139.76608187134502,35.73,0.00,0.00,QUICK AND WHOLESOME SNACKING,PEBBLES,34.19960403442383,32.87,11.91000000000000000,0,New
"belVita Breakfast Bars Biscuits, Vanilla Mocha, 5 Packs (4 Biscuits Per Pack)",2026-02-11-352-HT1000,-20.00,-2,0,0,"",17430701965,17430701965,0,"",0.00,0.00,20.00,COOKIES AND CRACKERS,belVita,0.0,-18.40,"",0,New
"Quaker Apple Cinnamon Popped Rice Crisps, 3.52oz Individual Packed Snack Gluten Free",2026-03-28-250-FL10,10.97,1,2,6,16.666666666666664,10312603,10312603,50,6.0,20.97,10.00,0.00,SALTY SNACKS,Quaker,79.1288833618164,10.09,10.48500000000000000,1,New
"French's Kosher Chardonnay Dijon Mustard Squeeze Bottle, 12.0 oz Bottle",2026-05-15-255-HT10,10.00,1,1,19,5.263157894736842,17247766,17247766,245,246.93877551020407,10.00,0.00,0.00,PREP SAUCES DRESSING CONDIMENTS,French's,87.23484802246094,9.20,10.00000000000000000,0,New
"Deluxe Mixed Nuts | Features Roasted and Salted Nuts, Including Almonds, Cashews, Walnuts, Brazil Nuts and Pecans | 5 Oz Resealable Bag",2025-04-19-300-FL1122,0.00,0,0,0,"",134785620,5353922573,0,"",0.00,0.00,0.00,QUICK AND WHOLESOME SNACKING,Emerald,0.0,0.00,"",0,New
"Cheez-It DUOZ Sharp Cheddar and Parmesan Baked Snack Crackers, Lunch Snacks, 12.4 oz",2026-02-06-290-PB10,22.00,2,2,20,10.0,24553281,24553281,223,585.6502242152466,22.00,0.00,0.00,COOKIES AND CRACKERS,Cheez-It,41.773231506347656,20.24,11.00000000000000000,0,New
"Dove Hair Therapy Breakage Remedy Hair Shampoo with Nutrient Lock Serum, 13.5 Oz",2025-05-20-300-DG1694,0.00,0,0,0,"",137330198,137330198,10,0.0,0.00,0.00,0.00,EVERYDAY HAIRCARE,Dove,0.0,0.00,"",0,New
"Quaker Instant Oatmeal, Peaches & Cream, 1.05 oz, 8 Packets",2025-11-15-255-FL1000,30.15,3,3,41,7.317073170731707,804401695,804401695,339,266.9616519174041,30.15,0.00,0.00,HOT CEREAL,Quaker,56.63337326049805,27.75,10.05000000000000000,0,New
"Fruit by the Foot Fruit Flavored Snacks, Starburst, Variety Pack, 6 ct",2025-01-19-210-LF10,0.00,0,0,0,"",311019879,311019879,0,"",0.00,0.00,0.00,LUNCHBOX SNACKS,Fruit by the Foot,0.0,0.00,"",0,New
"Dave's Killer Bread Honey Nut Organic Snack Bites, Honey Organic Snacks, 7.2 oz",2026-02-06-335-PB1000,12.99,1,1,11,9.090909090909092,2122149159,6768211249,23,4.3478260869565215,12.99,0.00,0.00,COOKIES AND CRACKERS,Dave's Killer Bread,97.4593505859375,11.95,12.99000000000000000,0,New
"McCormick Pure Orange Extract, 1.0 fl oz Box",2025-03-08-250-FL998,0.00,0,0,0,"",10308880,10308880,115,122.60869565217392,0.00,0.00,0.00,SPICES AND SALT,McCormick,0.0,0.00,"",0,New
"Better Cheddars Baked Snack Cheese Crackers, 6.5 oz",2026-05-21-230-FL1000,10.00,1,1,5,20.0,20897696,20897696,289,148.78892733564012,10.00,0.00,0.00,COOKIES AND CRACKERS,Better Cheddars,84.79496765136719,9.20,10.00000000000000000,0,New
"Sheila G's Brownie Brittle Chocolate Chip Cookie Snack Thins, 5oz",2025-01-25-255-FL10,0.00,0,0,0,"",44535148,44535148,124,12.903225806451612,0.00,0.00,0.00,COOKIES AND CRACKERS,Sheila G's,78.71295166015625,0.00,"",0,New
Eight O'Clock Coffee Original Ground Medium Roast Arabica Coffee 11 oz,2026-02-06-580-PB1899,16.99,1,2,1,200.0,19132969850,19132969850,49,6.122448979591836,33.98,16.99,0.00,HOT BEVERAGE,Eight O'Clock,79.89519500732422,14.44,16.99000000000000000,1,New
"GOOD THINS Garden Veggie Rice Snacks Gluten Free Crackers, Snack Crackers, 3.5 oz",2026-05-20-235-FL1000,10.00,1,1,5,20.0,266956413,266956413,786,91.73027989821882,10.00,0.00,0.00,COOKIES AND CRACKERS,GOOD THINS,75.32526397705078,9.20,10.00000000000000000,0,New
"Suave Professionals Almond + Shea Butter Moisturizing Nourishing Daily Shampoo, 3 fl oz, Travel Size",2025-05-20-085-DG633,0.00,0,0,0,"",118368934,118368934,8,0.0,0.00,0.00,0.00,BODY CARE,Suave,0.0,0.00,"",0,New
"Carr's Whole Wheat Crackers, Whole Grain Crackers, 7 oz",2025-11-25-255-HT1148,18.99,2,2,23,8.695652173913043,10321420,10321420,47,4.25531914893617,18.99,0.00,0.00,COOKIES AND CRACKERS,Carr's,92.16561126708984,18.40,9.49500000000000000,0,New
"Nonni�s Espresso Chocolate Chip Biscotti, 8-count carton 6.88 oz",2024-09-08-339-BL1299,10.00,1,1,0,"",201587555,201587555,4,75.0,20.00,0.00,10.00,COOKIES AND CRACKERS,Nonni's,50.0,8.40,10.00000000000000000,0,New
"Nonni's Bakery, Salted Caramel Biscotti, Individually Wrapped, 6.72 oz, 8 Count",2024-09-22-349-BL1197,0.00,0,0,2,0.0,44883504,44883504,39,10.256410256410255,0.00,0.00,0.00,COOKIES AND CRACKERS,Nonni's,100.0,0.00,"",0,New
"Nature Valley Sweet and Salty Nut Bars, Dark Chocolate Peanut Almond, 6 Bars, 7.2 oz",2026-01-04-180-FL999,10.99,1,1,26,3.8461538461538463,14651642,14651642,476,244.53781512605045,10.99,0.00,0.00,QUICK AND WHOLESOME SNACKING,Nature Valley,41.773231506347656,10.11,10.99000000000000000,0,New
Duke's Gulf Coast Lemon Garlic Aioli,2024-12-28-250-FL1349,0.00,0,0,0,"",1871413279,1871413279,0,"",0.00,0.00,0.00,PREP SAUCES DRESSING CONDIMENTS,Duke's,79.21066284179688,0.00,"",0,New
Duke's Southern Sauces Bayou Remoulade,2024-12-28-250-FL1296,0.00,0,0,0,"",5280067119,5280067119,5,0.0,0.00,0.00,0.00,PREP SAUCES DRESSING CONDIMENTS,Duke's,79.21066284179688,0.00,"",0,New
"Lavazza Perfetto Whole Bean Coffee House Blend, Medium",2026-05-20-750-HT1899,17.99,1,1,5,20.0,216196023,623784135,9,11.11111111111111,17.99,0.00,0.00,HOT BEVERAGE,Lavazza,34.670963287353516,15.30,17.99000000000000000,0,New
"Triscuit Avocado, Cilantro & Lime Whole Grain Wheat Crackers, Lunch Snacks, Snack Crackers, 8.5 oz",2025-11-25-300-FL10,9.99,1,1,7,14.285714285714285,487344423,487344423,135,237.037037037037,9.99,0.00,0.00,COOKIES AND CRACKERS,Triscuit,46.500152587890625,9.19,9.99000000000000000,0,New
"Quaker Instant Oatmeal, Raisin Date Walnut, 10.4 Oz",2025-12-15-255-HT1197,11.50,1,1,2,50.0,965993911,965993911,76,148.6842105263158,11.50,0.00,0.00,HOT CEREAL,Quaker,53.81206512451172,10.58,11.50000000000000000,0,New
Duke's Mustard Brown Sugar Bourbon,2025-02-15-300-HT1290,10.91,1,1,3,33.33333333333333,2504896833,2504896833,8,12.5,10.91,0.00,0.00,PREP SAUCES DRESSING CONDIMENTS,Duke's,98.0597915649414,10.04,10.91000000000000000,0,New
"Triscuit Dill, Sea Salt & Olive Oil Whole Grain Wheat Crackers, Snack Crackers, 8.5 oz",2026-04-04-285-LF1290,10.98,1,1,2,50.0,279362989,5226811584,71,445.0704225352113,10.98,0.00,0.00,COOKIES AND CRACKERS,Triscuit,86.75138092041016,10.10,10.98000000000000000,0,New
"Quaker Lower Sugar Instant Oatmeal Variety Pack 9.3 oz, 8 Count",2025-11-26-300-FL1000,11.00,1,1,1,100.0,243298124,243298124,85,37.64705882352941,11.00,0.00,0.00,HOT CEREAL,Quaker,48.25240707397461,10.12,11.00000000000000000,0,New
Yardley London Moisturizing Lip Balm Coconut & Pear Pack Of 2,2024-11-15-100-DG1000,0.00,0,0,0,"",5360932929,5360932929,0,"",0.00,0.00,0.00,COSMETICS,Yardley London,0.0,0.00,"",0,New
"Triscuit Reduced Fat Whole Grain Wheat Crackers, Vegan Crackers, Vegan Snacks, Lunch Snacks, 7.5 oz",2026-04-03-255-PB1180,10.77,1,1,1,100.0,119076795,119076795,7,14.285714285714285,10.77,0.00,0.00,COOKIES AND CRACKERS,Triscuit,94.79637145996094,9.91,10.77000000000000000,0,New
"Town House FlipSides Original Oven Baked Crackers, Salty Snacks, 9.2 oz",2026-03-14-300-HT1099,10.22,1,1,34,2.941176470588235,34311943,34311943,728,228.84615384615384,10.22,0.00,0.00,COOKIES AND CRACKERS,Town House,67.71060943603516,9.40,10.22000000000000000,0,New
Chocolate Chip Cookie Granola Gluten-Free Non GMO 11 oz.,2026-04-17-390-PB1299,12.99,1,1,0,"",5287442566,5287442566,6,16.666666666666664,12.99,0.00,0.00,COLD CEREAL L2,Purely Elizabeth,48.25240707397461,11.95,12.99000000000000000,0,New
Community® Coffee New Orleans Blend® Special Dark Roast Coffee Single-Serve Cups 12 ct Box Compatible with Keurig 2.0 K-Cup Brewers,2025-06-27-482-HT1396,14.99,1,1,3,33.33333333333333,358252905,358252905,4,25.0,14.99,0.00,0.00,HOT BEVERAGE,Community Coffee,0.0,13.79,14.99000000000000000,0,New
"CORN NUTS Mexican Style Street Corn Kernels Flavored Nuts Snack, Shelf Stable, 7 oz Resealable Plastic Bag",2025-05-03-200-FL998,0.00,0,0,0,"",2394923949,2394923949,0,"",0.00,0.00,0.00,QUICK AND WHOLESOME SNACKING,Corn Nuts,93.64837646484375,0.00,"",0,New
"Nature Valley Chewy Fruit & Nut Granola Bars, Cranberry Pomegranate, 6 Bars, 6.7 OZ",2024-12-16-310-LF1299,0.00,0,0,0,"",138872254,138872254,5,60.0,0.00,0.00,0.00,QUICK AND WHOLESOME SNACKING,Nature Valley,78.71295166015625,0.00,"",0,New
"Bobos Oat Bars , Dipp'd Peanut Butter Oat Bar + Dark Chocolate. 5 Pack of 1oz Bars, 1 Count",2026-05-20-297-LF13,13.00,1,1,0,"",3602197217,3602197217,0,"",13.00,0.00,0.00,QUICK AND WHOLESOME SNACKING,Bobo's,32.880958557128906,11.96,13.00000000000000000,0,New
"Town House FlipSides Minis House Seasoned Oven Baked Crackers, Salty Snacks, 10.2 oz",2026-03-17-250-LF1000,20.38,2,1,5,20.0,5025522282,5025522282,8,12.5,20.38,0.00,0.00,COOKIES AND CRACKERS,Town House,0.0,18.74,10.19000000000000000,0,New
"Woeber's Sandwich Pal Horseradish Sauce, 16 oz Squeeze Bottle",2025-12-15-190-HT10,9.78,1,1,11,9.090909090909092,10533408,10533408,140,120.0,9.78,0.00,0.00,PREP SAUCES DRESSING CONDIMENTS,Woeber's,48.25240707397461,9.00,9.78000000000000000,0,New
"Krusteaz Pumpkin Spice Muffin Mix, Pumpkin Spice Muffins Made With Real Pumpkin, 15 oz Box",2024-11-05-249-1495,0.00,0,0,0,"",29209979,29209979,11,0.0,0.00,0.00,0.00,BAKING AND MIXES,Krusteaz,0.0,0.00,"",0,New
"Kentucky Kernel Seasoned Fish Fry, Seafood Breading Batter Mix, 9 oz Box - Crispy Coating for Fish, Shrimp, and Seafood",2025-05-24-250-FL10,10.00,1,1,9,11.11111111111111,574802523,574802523,26,7.6923076923076925,10.00,0.00,0.00,DRY MIXES AND VINEGAR,Kentucky Kernel,100.0,9.20,10.00000000000000000,0,New
"Suave Professionals Thickening Conditioner Collagen Infusion, 12.6 oz",2025-04-19-300-DG1180,0.00,0,0,0,"",176986973,176986973,0,"",0.00,0.00,0.00,EVERYDAY HAIRCARE,Suave,0.0,0.00,"",0,New
